<component name="UIBlock" extends="Group">
  <interface>
    <field id="backgroundColor" type="color" value="0x00FF00FF" onChange="onBackgroundColorChange"/>
    <!-- <field id="blockSize" type="integer" value="100" onChange="onBlockSizeChange"/> -->
  </interface>
  <children>
    <Rectangle id="block" width="100" height="100" />
    <Label
        id="loseLabel" 
        text="You Lose!"
        width="1280" 
        height="720" 
        horizAlign="center"
        vertAlign="center"
        visible="false"
    />
  </children>

  <script type="text/m" uri="UIBlock.brs" />
</component>